First_name,Last_name,orcid_id,gsuser_id
Akanksha,Negi,0000-0003-2531-9408,Gcz8Ng0AAAAJ
Alan,Powell,NA,NA
Andrew,Matthews,NA,NA
Ann,Maharaj,0000-0002-5513-962X,BZ07eocAAAAJ
Athanasios,Pantelous,0000-0001-5738-1471,ZMaiiQwAAAAJ
Benjamin,Wong,0000-0002-1665-6165,Nneg6GAAAAAJ
Bin,Peng,0000-0003-4231-4713,5d3ZOm4AAAAJ
Bonsoo,Koo,0000-0002-7247-9773,OmK08lAAAAAJ
Brett,Inder,NA,Wx6eeWgAAAAJ
Catherine,Forbes,0000-0002-3456-7890,jm73LccAAAAJ
Charanjit,Kaur,0000-0001-9379-0010,NA
Damjan,Vukcevic,0000-0001-7780-9586,8PZ6cvoAAAAJ
Dan,Zhu,0000-0003-1487-2232,HKdOwf4AAAAJ
Daniel,Melser,0000-0003-0452-818X,dbnhKg0AAAAJ
David,Frazier,0000-0002-3446-2516,7PlczFsAAAAJ
Dianne,Cook,0000-0002-3813-7155,wwd3vdEAAAAJ
Didier,Nibbering,NA,ZbnxYJcAAAAJ
Donald,Poskitt,NA,5Hd3T_EAAAAJ
Duangkamon,Chotikapanich,0000-0003-1011-9585,_mwp4tEAAAAJ
Farshid,Vahid-Araghi,0000-0002-5136-8361,zhwoAzIAAAAJ
Gael,Martin,NA,Uq0_yNgAAAAJ
George,Athanasopoulos,0000-0002-5389-2802,XOnCgewAAAAJ
Geraldine,Roberts,NA,NA
Hamza,Hanbali,0000-0001-8060-4813,NA
Heather,Anderson,0000-0002-7668-1151,NA
Hsein,Kew,0009-0004-6565-1274,NA
Jack,Jewson,0000-0003-2703-7180,NA
Jackie,Li,0000-0001-8399-6584,NA
Janjala,Chirakijja,0000-0001-8106-971X,NA
Jessica,Leung,0000-0002-3538-0790,NA
Jiti,Gao,0000-0002-4261-0021,NA
Joan,Tan,0000-0001-6374-1568,NA
John,Stapleton,NA,NA
Julie,Cook,NA,NA
Kate,Saunders,0000-0002-1436-7802,mD32x4MAAAAJ
Keith,McLaren,NA,NA
Klaus,Ackermann,0000-0001-7693-8538,Z3aygjwAAAAJ
Maxwell,King,NA,Uyh_-SwAAAAJ
Maziar,Nikpour,NA,NA
Mervyn,Silvapulle,0000-0002-2808-7094,WUFPSn0AAAAJ
Michael,Lydeamore,0000-0001-6515-827X,miNl6rMAAAAJ
Natalia,Bailey,000-0003-2693-5632,wzL-CDIAAAAJ
Ole,Maneesoonthorn,0000-0003-3479-0488,swRXUssAAAAJ
Otavio,Bartalotti,0000-0001-5151-3277,x9wwpOgAAAAJ
Param,Silvapulle,0000-0002-1149-4515,73VKqq8AAAAJ
Ralph,Snyder,0000-0001-8941-5875,Kc3oiaMAAAAJ
Rami,Tabri,0000-0003-4117-0498,tPVJS9IAAAAJ
Rob,Hyndman,0000-0002-2140-5352,vamErfkAAAAJ
Robert,Brooks,0000-0002-5960-8526,KH0O17gAAAAJ
Ruben,Loaiza Maya,000-0003-4132-8355,4d3patwAAAAJ
Shanika,Wickramasuriya,0000-0003-2742-5992,R_uBL_gAAAAJ
Tissa,Galagedera,0000-0003-2990-4997,NA
Wei,Wei,0000-0001-8360-2469,NA
Xibin,Zhang,0000-0001-5813-3066,NA
Xueyan,Zhao,0000-0002-5096-8787,NA
Yu,Bai,0000-0002-0742-0708,NA